insert into "ConnectorDefinition" ("id", "tenantId", "slug", "name", "category", "vendorType", "status", "summary", "dataClasses", "supportedScopes", "setupChecklist")
values
  ('conn_def_payments_processor', 'tenant_1dentalai_production', 'payments-processor-router', 'Payments processor router', 'PAYMENTS', 'DIRECT_OR_VENDOR', 'AVAILABLE', 'Patient payment links, card/ACH authorization, refunds, financing handoff, deposits, webhooks, and ledger reconciliation without marking funds captured until provider response is stored.', array['PHI','FINANCIAL','PCI_SCOPE'], array['payment_links','card_charge','ach','refunds','financing','webhooks'], '{"merchantAccount":true,"pciScope":true,"webhookVerification":true,"ledgerReconciliation":true,"manualFallback":true}'::jsonb),
  ('conn_def_email_provider', 'tenant_1dentalai_production', 'email-provider-router', 'Transactional email provider', 'EMAIL', 'DIRECT_OR_VENDOR', 'AVAILABLE', 'Transactional email, domain authentication, bounce webhooks, unsubscribe governance, form packets, statements, and reputation-safe outbound delivery.', array['PHI','COMMUNICATIONS'], array['transactional_email','domain_auth','bounce_webhooks','unsubscribe'], '{"domainAuth":true,"suppressionList":true,"templateApproval":true,"webhookVerification":true}'::jsonb),
  ('conn_def_ai_model_router', 'tenant_1dentalai_production', 'ai-llm-model-router', 'AI/LLM model router', 'AI_LLM', 'DIRECT_OR_VENDOR', 'AVAILABLE', 'Model/provider routing for chat, voice summaries, chart-note drafts, extraction, embeddings, and cost controls with PHI, BAA, retention, and human-review gates.', array['PHI','CLINICAL','AI_GOVERNANCE'], array['chat_completion','embeddings','voice_summary','chart_note_draft','document_extraction'], '{"baa":true,"modelPolicy":true,"retentionPolicy":true,"costCeiling":true,"humanReview":true}'::jsonb)
on conflict ("tenantId", "slug") do update set
  "summary" = excluded."summary",
  "dataClasses" = excluded."dataClasses",
  "supportedScopes" = excluded."supportedScopes",
  "setupChecklist" = excluded."setupChecklist",
  "updatedAt" = current_timestamp;

insert into "ConnectorInstallation" ("id", "tenantId", "definitionId", "locationId", "status", "credentialStatus", "webhookStatus", "approvalStatus", "healthStatus", "fallbackMode", "costPolicy", "nextAction")
values
  ('conn_inst_payments_enterprise', 'tenant_1dentalai_production', 'conn_def_payments_processor', null, 'SETUP_REQUIRED', 'MISSING', 'NOT_CONFIGURED', 'NEEDS_APPROVAL', 'NOT_TESTED', 'MANUAL_PAYMENT_REQUEST', '{"monthlyBaseCents":0,"perPaymentLinkCents":4,"perCardChargeBasisPoints":290,"maxPerTransactionCents":500,"requiresLedgerReconciliation":true}'::jsonb, 'Collect merchant account, tokenization scope, webhook signing secret, refund policy, and ledger reconciliation owner before payment routes activate.'),
  ('conn_inst_email_enterprise', 'tenant_1dentalai_production', 'conn_def_email_provider', null, 'SETUP_REQUIRED', 'MISSING', 'NOT_CONFIGURED', 'NEEDS_APPROVAL', 'NOT_TESTED', 'MANUAL_EMAIL_DRAFT', '{"monthlyBaseCents":0,"perEmailCents":1,"maxPerTransactionCents":25,"suppressHighRiskPhi":true}'::jsonb, 'Authenticate sending domain, load suppression list, verify bounce webhooks, and approve templates before any email delivery route.'),
  ('conn_inst_ai_enterprise', 'tenant_1dentalai_production', 'conn_def_ai_model_router', null, 'SETUP_REQUIRED', 'MISSING', 'NOT_CONFIGURED', 'NEEDS_APPROVAL', 'NOT_TESTED', 'HUMAN_REVIEW_QUEUE', '{"monthlyBaseCents":0,"perThousandTokensCents":2,"maxPerTransactionCents":250,"requireBaaForPhi":true,"storePrompts":false}'::jsonb, 'Approve BAA/model policy, PHI retention controls, token budget, prompt logging policy, and human-review workflow before AI routes handle production PHI.')
on conflict ("id") do update set
  "nextAction" = excluded."nextAction",
  "costPolicy" = excluded."costPolicy",
  "updatedAt" = current_timestamp;

insert into "ConnectorCapability" ("id", "tenantId", "definitionId", "installationId", "capabilityKey", "workflowArea", "direction", "status", "supportedTransactions", "requiredFields", "missingFields", "approvalPolicy", "fallbackPolicy")
values
  ('conn_cap_payments_link', 'tenant_1dentalai_production', 'conn_def_payments_processor', 'conn_inst_payments_enterprise', 'payments.link.create', 'PAYMENTS', 'WRITE', 'NOT_CONFIGURED', array['payment_link','payment_intent','webhook_reconcile'], array['merchantAccountId','credentialVaultRef','webhookSigningSecret','ledgerMapping','refundPolicy'], array['merchantAccountId','credentialVaultRef','webhookSigningSecret','ledgerMapping'], '{"humanApprovalRequired":true,"pciBoundaryRequired":true,"ledgerReconciliationRequired":true}'::jsonb, '{"fallback":"manual payment request","blocksPaymentCompletedStatus":true}'::jsonb),
  ('conn_cap_payments_refund', 'tenant_1dentalai_production', 'conn_def_payments_processor', 'conn_inst_payments_enterprise', 'payments.refund.create', 'PAYMENTS', 'WRITE', 'APPROVAL_REQUIRED', array['refund','void','ledger_adjustment'], array['merchantAccountId','credentialVaultRef','refundPolicy','managerApproval'], array['merchantAccountId','credentialVaultRef','managerApproval'], '{"humanApprovalRequired":true,"roleScopes":["practice_manager","billing_rcm"],"pciBoundaryRequired":true}'::jsonb, '{"fallback":"manager refund task","blocksRefundedStatus":true}'::jsonb),
  ('conn_cap_email_send', 'tenant_1dentalai_production', 'conn_def_email_provider', 'conn_inst_email_enterprise', 'email.transactional.send', 'EMAIL', 'WRITE', 'NOT_CONFIGURED', array['form_packet_email','statement_email','booking_email','bounce_webhook'], array['domainAuth','credentialVaultRef','templateApproval','suppressionList','webhookVerification'], array['domainAuth','credentialVaultRef','templateApproval','webhookVerification'], '{"humanApprovalRequired":false,"suppressionListRequired":true,"phiTemplateReview":true}'::jsonb, '{"fallback":"staff email draft","blocksSentStatus":true}'::jsonb),
  ('conn_cap_ai_chat', 'tenant_1dentalai_production', 'conn_def_ai_model_router', 'conn_inst_ai_enterprise', 'ai.llm.chat_completion', 'AI_LLM', 'BIDIRECTIONAL', 'NOT_CONFIGURED', array['chat_completion','tool_plan','guardrail_response'], array['baaStatus','modelPolicy','credentialVaultRef','retentionPolicy','costCeiling','humanReviewPolicy'], array['baaStatus','modelPolicy','credentialVaultRef','retentionPolicy'], '{"humanApprovalRequired":false,"phiAllowedOnlyWithBaa":true,"costTelemetryRequired":true}'::jsonb, '{"fallback":"non-ai staff triage","blocksAiGeneratedStatus":true}'::jsonb),
  ('conn_cap_ai_chart_note', 'tenant_1dentalai_production', 'conn_def_ai_model_router', 'conn_inst_ai_enterprise', 'ai.llm.chart_note_draft', 'AI_LLM', 'BIDIRECTIONAL', 'APPROVAL_REQUIRED', array['clinical_summary','chart_note_draft','provider_review'], array['baaStatus','modelPolicy','credentialVaultRef','clinicalApprovalPolicy','retentionPolicy','costCeiling'], array['baaStatus','modelPolicy','credentialVaultRef','clinicalApprovalPolicy'], '{"humanApprovalRequired":true,"providerSignatureRequired":true,"phiAllowedOnlyWithBaa":true}'::jsonb, '{"fallback":"provider manual note","blocksChartWriteback":true}'::jsonb)
on conflict ("id") do update set
  "status" = excluded."status",
  "requiredFields" = excluded."requiredFields",
  "missingFields" = excluded."missingFields",
  "approvalPolicy" = excluded."approvalPolicy",
  "fallbackPolicy" = excluded."fallbackPolicy",
  "updatedAt" = current_timestamp;

insert into "ConnectorHealthCheck" ("id", "tenantId", "definitionId", "installationId", "checkType", "status", "resultSummary", "latencyMs")
values
  ('conn_health_payments_webhook', 'tenant_1dentalai_production', 'conn_def_payments_processor', 'conn_inst_payments_enterprise', 'PAYMENT_WEBHOOK_SIGNATURE', 'NOT_RUN', 'Waiting on payment provider signing secret, merchant account, and ledger reconciliation mapping.', null),
  ('conn_health_email_domain', 'tenant_1dentalai_production', 'conn_def_email_provider', 'conn_inst_email_enterprise', 'EMAIL_DOMAIN_AUTH', 'NOT_RUN', 'Waiting on SPF/DKIM/DMARC verification and bounce webhook setup.', null),
  ('conn_health_ai_policy', 'tenant_1dentalai_production', 'conn_def_ai_model_router', 'conn_inst_ai_enterprise', 'AI_BAA_MODEL_POLICY', 'NOT_RUN', 'Waiting on BAA status, model policy, PHI retention controls, and cost ceiling approval.', null)
on conflict ("id") do nothing;

insert into "ConnectorRouteDecision" ("id", "tenantId", "definitionId", "installationId", "workflowArea", "sourceObjectType", "sourceObjectId", "requestedCapability", "routeStatus", "selectedRoute", "fallbackRoute", "estimatedCostCents", "blockedReason", "decisionContext", "actorRole")
values
  ('conn_route_payment_link_sample', 'tenant_1dentalai_production', 'conn_def_payments_processor', 'conn_inst_payments_enterprise', 'PAYMENTS', 'PmsLedgerEntry', 'led_sample_001_charge', 'payments.link.create', 'BLOCKED_CONNECTOR_REQUIRED', null, 'MANUAL_PAYMENT_REQUEST', 4, 'Payment connector route blocked: merchant account, credential vault reference, webhook signing secret, and ledger mapping are missing. Manual payment request is required.', '{"blocksPaymentCompletedStatus":true,"noExternalExecution":true}'::jsonb, 'billing_rcm'),
  ('conn_route_email_form_sample', 'tenant_1dentalai_production', 'conn_def_email_provider', 'conn_inst_email_enterprise', 'EMAIL', 'PmsFormAssignment', 'formassign_sample_001', 'email.transactional.send', 'BLOCKED_CONNECTOR_REQUIRED', null, 'STAFF_EMAIL_DRAFT', 1, 'Email connector route blocked: domain authentication, credential vault reference, template approval, and webhook verification are missing. Staff draft fallback is required.', '{"blocksSentStatus":true,"noExternalExecution":true}'::jsonb, 'front_desk'),
  ('conn_route_ai_note_sample', 'tenant_1dentalai_production', 'conn_def_ai_model_router', 'conn_inst_ai_enterprise', 'AI_LLM', 'PhoneConversation', 'phone_conversation_sample_001', 'ai.llm.chart_note_draft', 'BLOCKED_CONNECTOR_REQUIRED', null, 'PROVIDER_MANUAL_NOTE', 35, 'AI/LLM route blocked: BAA, model policy, credential vault reference, and clinical approval policy are missing. Provider manual note fallback is required.', '{"phiAllowedOnlyWithBaa":true,"blocksChartWriteback":true,"noExternalExecution":true}'::jsonb, 'associate_provider')
on conflict ("id") do nothing;

insert into "ConnectorCostEvent" ("id", "tenantId", "definitionId", "installationId", "workflowArea", "capabilityKey", "sourceObjectType", "sourceObjectId", "costCents", "pricingUnit", "status", "metadata")
values
  ('conn_cost_payment_link_sample', 'tenant_1dentalai_production', 'conn_def_payments_processor', 'conn_inst_payments_enterprise', 'PAYMENTS', 'payments.link.create', 'PmsLedgerEntry', 'led_sample_001_charge', 4, 'ROUTE_DECISION', 'ESTIMATED', '{"reason":"payment-link cost telemetry before live execution","blocksPaymentCompletedStatus":true}'::jsonb),
  ('conn_cost_email_sample', 'tenant_1dentalai_production', 'conn_def_email_provider', 'conn_inst_email_enterprise', 'EMAIL', 'email.transactional.send', 'PmsFormAssignment', 'formassign_sample_001', 1, 'ROUTE_DECISION', 'ESTIMATED', '{"reason":"email cost telemetry before live delivery","blocksSentStatus":true}'::jsonb),
  ('conn_cost_ai_note_sample', 'tenant_1dentalai_production', 'conn_def_ai_model_router', 'conn_inst_ai_enterprise', 'AI_LLM', 'ai.llm.chart_note_draft', 'PhoneConversation', 'phone_conversation_sample_001', 35, 'ROUTE_DECISION', 'ESTIMATED', '{"reason":"AI/LLM token estimate before model execution","phiAllowedOnlyWithBaa":true}'::jsonb)
on conflict ("id") do nothing;
